{
  "timestamp": "2025-05-30T18:12:14.438838",
  "white_stick": {
    "r": 3.0,
    "g": 18.0,
    "b": 13.0,
    "lux": 1664.0541666666668
  },
  "blue_stick": {
    "r": 1.0,
    "g": 18.0,
    "b": 29.0,
    "lux": 956.5572967479678
  }
}
